CreditScore,Age,Tenure,Balance,NumOfProducts,HasCrCard,IsActiveMember,EstimatedSalary,Exited
619,42,2,0,1,1,1,101348.88,1
608,41,1,83807.86,1,0,1,112542.58,0
502,42,8,159660.8,3,1,0,113931.57,1
699,39,1,0,2,0,0,93826.63,0
850,43,2,125510.82,1,1,1,79084.1,0
645,44,8,113755.78,2,1,0,149756.71,1
822,50,7,0,2,1,1,10062.8,0
376,29,4,115046.74,4,1,0,119346.88,1
501,44,4,142051.07,2,0,1,74940.5,0
684,27,2,134603.88,1,1,1,71725.73,0
528,31,6,102016.72,2,0,0,80181.12,0
497,24,3,0,2,1,0,76390.01,0
476,34,10,0,2,1,0,26260.98,0
549,25,5,0,2,0,0,190857.79,0
635,35,7,0,2,1,1,65951.65,0
616,45,3,143129.41,2,0,1,64327.26,0
653,58,1,132602.88,1,1,0,5097.67,1
549,24,9,0,2,1,1,14406.41,0
587,45,6,0,1,0,0,158684.81,0
726,24,6,0,2,1,1,54724.03,0
732,41,8,0,2,1,1,170886.17,0
636,32,8,0,2,1,0,138555.46,0
510,38,4,0,1,1,0,118913.53,1
669,46,3,0,2,0,1,8487.75,0
846,38,5,0,1,1,1,187616.16,0
577,25,3,0,2,0,1,124508.29,0
756,36,2,136815.64,1,1,1,170041.95,0
571,44,9,0,2,0,0,38433.35,0
574,43,3,141349.43,1,1,1,100187.43,0
411,29,0,59697.17,2,1,1,53483.21,0
591,39,3,0,3,1,0,140469.38,1
533,36,7,85311.7,1,0,1,156731.91,0
553,41,9,110112.54,2,0,0,81898.81,0
520,42,6,0,2,1,1,34410.55,0
722,29,9,0,2,1,1,142033.07,0
475,45,0,134264.04,1,1,0,27822.99,1
490,31,3,145260.23,1,0,1,114066.77,0
804,33,7,76548.6,1,0,1,98453.45,0
850,36,7,0,1,1,1,40812.9,0
582,41,6,70349.48,2,0,1,178074.04,0
472,40,4,0,1,1,0,70154.22,0
465,51,8,122522.32,1,0,0,181297.65,1
556,61,2,117419.35,1,1,1,94153.83,0
834,49,2,131394.56,1,0,0,194365.76,1
660,61,5,155931.11,1,1,1,158338.39,0
776,32,4,109421.13,2,1,1,126517.46,0
829,27,9,112045.67,1,1,1,119708.21,1
637,39,9,137843.8,1,1,1,117622.8,1
550,38,2,103391.38,1,0,1,90878.13,0
776,37,2,103769.22,2,1,0,194099.12,0
698,44,10,116363.37,2,1,0,198059.16,0
585,36,5,146050.97,2,0,0,86424.57,0
788,33,5,0,2,0,0,116978.19,0
655,41,8,125561.97,1,0,0,164040.94,1
601,42,1,98495.72,1,1,0,40014.76,1
619,43,1,125211.92,1,1,1,113410.49,0
656,45,5,127864.4,1,1,0,87107.57,0
725,19,0,75888.2,1,0,0,45613.75,0
511,66,4,0,1,1,0,1643.11,1
614,51,4,40685.92,1,1,1,46775.28,0
742,35,5,136857,1,0,0,84509.57,0
687,27,9,152328.88,2,0,0,126494.82,0
555,33,1,56084.69,2,0,0,178798.13,0
684,56,8,78707.16,1,1,1,99398.36,0
603,26,4,109166.37,1,1,1,92840.67,0
751,36,6,169831.46,2,1,1,27758.36,0
581,34,1,101633.04,1,1,0,110431.51,0
735,43,10,123180.01,2,1,1,196673.28,0
661,35,5,150725.53,2,0,1,113656.85,0
675,21,8,98373.26,1,1,0,18203,0
738,58,2,133745.44,4,1,0,28373.86,1
813,29,6,0,1,1,0,33953.87,0
657,37,0,163607.18,1,0,1,44203.55,0
604,25,5,157780.84,2,1,1,58426.81,0
519,36,9,0,2,0,1,145562.4,0
735,21,1,178718.19,2,1,0,22388,0
664,55,8,0,2,1,1,139161.64,0
678,32,9,0,1,1,1,148210.64,0
757,33,5,77253.22,1,0,1,194239.63,0
416,41,10,122189.66,2,1,0,98301.61,0
665,34,1,96645.54,2,0,0,171413.66,0
777,32,2,0,1,1,0,136458.19,1
543,36,3,0,2,0,0,26019.59,0
506,34,4,90307.62,1,1,1,159235.29,0
493,46,4,0,2,1,0,1907.66,0
652,75,10,0,2,1,1,114675.75,0
750,22,3,121681.82,1,1,0,128643.35,1
729,30,9,0,2,1,0,151869.35,0
646,46,4,0,3,1,0,93251.42,1
635,28,3,81623.67,2,1,1,156791.36,0
647,44,5,0,3,1,1,174205.22,1
808,45,7,118626.55,2,1,0,147132.46,0
524,36,10,0,2,1,0,109614.57,0
769,29,8,0,2,1,1,172290.61,0
730,42,4,0,2,0,1,85982.47,0
515,35,10,176273.95,1,0,1,121277.78,0
773,41,9,102827.44,1,0,1,64595.25,0
814,29,8,97086.4,2,1,1,197276.13,0
710,22,8,0,2,0,0,99645.04,0
413,34,9,0,2,0,0,6534.18,0
665,40,6,0,1,1,1,161848.03,0
623,44,6,0,2,0,0,167162.43,0
738,31,9,82674.15,1,1,0,41970.72,0
528,36,7,0,2,1,0,60536.56,0
670,65,1,0,1,1,1,177655.68,1
622,46,4,107073.27,2,1,1,30984.59,1
582,32,1,88938.62,1,1,1,10054.53,0
785,36,2,99806.85,1,0,1,36976.52,0
605,33,5,150092.8,1,0,0,71862.79,0
479,35,9,92833.89,1,1,0,99449.86,1
685,30,3,90536.81,1,0,1,63082.88,0
538,39,7,108055.1,2,1,0,27231.26,0
562,42,2,100238.35,1,0,0,86797.41,0
675,36,9,106190.55,1,0,1,22994.32,0
721,28,9,154475.54,2,0,1,101300.94,1
628,30,9,132351.29,2,1,1,74169.13,0
668,37,6,167864.4,1,1,0,115638.29,0
506,41,1,0,2,1,0,31766.3,0
524,31,8,107818.63,1,1,0,199725.39,1
699,34,4,185173.81,2,1,0,120834.48,0
828,34,8,129433.34,2,0,0,38131.77,0
674,39,6,120193.42,1,0,0,100130.95,0
656,39,6,0,2,1,0,141069.88,0
684,48,10,126384.42,1,1,1,198129.36,0
625,28,3,0,1,0,0,183646.41,0
432,42,9,152603.45,1,1,0,110265.24,1
549,52,1,0,1,0,1,8636.05,1
625,56,0,148507.24,1,1,0,46824.08,1
828,41,7,0,2,1,0,171378.77,0
770,24,9,101827.07,1,1,0,167256.35,0
758,34,3,0,2,1,1,124226.16,0
795,33,9,130862.43,1,1,1,114935.21,0
687,38,9,122570.87,1,1,1,35608.88,0
686,25,1,0,2,0,1,16459.37,0
789,39,7,124828.46,2,1,1,124411.08,0
589,50,5,144895.05,2,1,1,34941.23,0
461,34,5,63663.93,1,0,1,167784.28,0
637,40,2,133463.1,1,0,1,93165.34,0
584,48,2,213146.2,1,1,0,75161.25,1
579,35,1,129490.36,2,0,1,8590.83,1
756,44,10,137452.09,1,1,0,189543.9,0
663,34,7,0,2,1,1,180427.24,0
682,43,5,125851.93,1,1,1,193318.33,0
793,52,2,0,1,1,0,159123.82,1
691,31,5,40915.55,1,1,0,126213.84,1
485,21,5,113157.22,1,1,1,54141.5,0
635,29,8,138296.94,2,1,0,141075.51,0
650,37,5,106967.18,1,0,0,24495.03,0
735,44,9,120681.63,1,1,0,74836.34,0
416,32,0,0,2,0,1,878.87,0
754,32,7,0,2,1,0,89520.75,0
535,48,9,0,1,1,0,149892.79,1
716,42,8,0,2,1,0,180800.42,0
539,37,2,127609.59,1,1,0,98646.22,0
614,43,6,0,2,1,1,109041.53,0
706,57,7,0,1,1,0,17941.16,1
758,33,7,0,2,0,0,82996.47,0
586,28,2,0,2,1,1,92067.35,0
646,73,6,97259.25,1,0,1,104719.66,0
631,33,4,123246.7,1,0,0,112687.57,0
717,22,6,101060.25,1,0,1,84699.56,0
684,30,2,0,2,1,0,83473.82,0
800,49,7,108007.36,1,0,0,47125.11,0
721,36,2,0,2,1,1,106977.8,0
683,29,0,133702.89,1,1,0,55582.54,1
660,31,9,125189.75,2,1,1,139874.43,0
704,24,7,113034.22,1,1,0,162503.48,1
615,41,9,109013.23,1,1,0,196499.96,0
667,39,2,0,2,1,0,40721.24,1
682,24,9,57929.81,2,0,0,53134.3,0
484,29,4,130114.39,1,1,0,164017.89,0
628,27,5,95826.49,2,1,0,155996.96,0
480,44,10,129608.57,1,1,0,5472.7,1
578,30,4,169462.09,1,1,0,112187.11,0
512,40,5,0,2,1,1,146457.83,0
484,35,7,133868.21,1,1,1,27286.1,0
510,30,0,0,2,1,1,130553.47,0
606,36,5,190479.48,2,0,0,179351.89,0
597,40,8,101993.12,1,0,1,94774.12,0
754,55,3,161608.81,1,1,0,8080.85,1
850,45,2,122311.21,1,1,1,19482.5,0
510,65,2,0,2,1,1,48071.61,0
778,45,1,162150.42,2,1,0,174531.27,0
636,42,2,0,2,1,1,55470.78,0
804,50,4,0,1,1,1,8546.87,1
514,32,8,0,2,1,0,95857.18,0
730,39,1,99010.67,1,1,0,194945.8,0
525,37,0,0,1,0,1,131521.72,0
616,30,5,0,2,0,1,196108.51,0
687,34,7,111388.18,2,1,0,148564.76,0
715,41,8,56214.85,2,0,0,92982.61,1
512,36,3,84327.77,2,1,0,17675.36,0
479,40,1,0,2,0,0,114996.43,0
601,32,8,93012.89,1,1,0,86957.42,0
580,29,9,61710.44,2,1,0,128077.8,0
807,35,3,174790.15,1,1,1,600.36,0
616,32,6,0,2,1,1,43001.46,0
721,37,3,107720.64,1,1,1,158591.12,0
501,57,10,0,2,1,1,47847.19,0
521,35,6,96423.84,1,1,0,10488.44,0
850,30,2,141040.01,1,1,1,5978.2,0
759,42,4,105420.18,1,0,1,121409.06,0
516,50,5,0,1,0,1,146145.93,1
711,38,2,129022.06,2,1,1,14374.86,1
512,33,3,176666.62,1,1,0,94670.77,0
550,37,3,0,1,1,1,179670.31,0
608,41,3,89763.84,1,0,0,199304.74,1
618,34,5,134954.53,1,1,1,151954.39,0
643,45,5,0,1,1,0,142513.5,1
671,45,2,106376.85,1,0,1,158264.62,0
689,33,2,161814.64,2,1,0,169381.9,0
603,31,8,0,2,1,1,169915.02,0
620,41,9,0,2,0,0,88852.47,0
676,34,1,63095.01,1,1,1,40645.81,0
572,26,4,118287.01,2,0,0,60427.3,0
668,47,7,106854.21,1,0,1,157959.02,1
695,46,7,49512.55,1,1,0,133007.34,0
730,33,9,0,2,0,0,176576.62,0
807,43,1,105799.32,2,1,0,34888.04,1
592,54,8,0,1,1,1,28737.71,1
726,31,9,114722.05,2,1,1,98178.57,0
514,30,7,0,1,0,1,125010.24,0
567,42,2,0,2,1,1,167984.61,0
850,33,10,0,1,1,0,4861.72,1
671,45,6,99564.22,1,1,1,108872.45,1
670,37,4,170557.91,2,1,0,198252.88,0
694,30,9,0,2,1,1,26960.31,0
547,39,6,74596.15,3,1,1,85746.52,1
751,50,2,96888.39,1,1,0,77206.25,1
594,29,3,130830.22,1,1,0,61048.53,0
673,72,1,0,2,0,1,111981.19,0
610,40,0,0,2,1,0,62232.6,0
512,37,1,0,2,0,1,156105.03,0
767,20,3,119714.25,2,0,1,150135.38,0
585,67,5,113978.97,2,0,1,93146.11,0
763,42,6,100160.75,1,1,0,33462.94,1
712,29,2,0,1,1,1,144375,0
539,43,3,116220.5,3,1,0,55803.96,1
668,46,2,0,3,1,0,89048.46,1
703,28,2,81173.83,2,0,1,162812.16,0
662,38,4,0,2,1,0,136259.65,0
725,39,5,116803.8,1,1,0,124052.97,0
703,37,8,105961.68,2,0,1,74158.8,0
659,67,6,117411.6,1,1,1,45071.09,1
523,34,7,0,2,1,0,62030.06,0
635,40,10,123497.58,1,1,0,131953.23,1
772,26,7,152400.51,2,1,0,79414,0
545,26,1,0,2,1,1,199638.56,0
634,24,8,103097.85,1,1,1,157577.29,0
739,54,8,126418.14,1,1,0,134420.75,1
771,36,5,77846.9,1,0,0,99805.99,0
587,34,1,0,2,1,1,97932.68,0
681,79,0,0,2,0,1,170968.99,0
544,37,2,79731.91,1,1,1,57558.95,0
696,28,8,0,1,0,0,176713.47,0
766,41,0,0,2,0,1,34283.23,0
727,34,10,0,2,1,1,198637.34,0
671,34,6,37266.67,2,0,0,156917.12,0
693,30,6,127992.25,1,1,1,50457.2,0
850,38,3,54901.01,1,1,1,140075.55,0
732,42,9,108748.08,2,1,1,65323.11,0
726,48,6,99906.19,1,1,0,64323.24,0
557,32,6,184686.41,2,1,0,14956.44,0
682,26,0,110654.02,1,0,1,111879.21,0
738,31,9,79019.8,1,1,1,18606.23,0
531,36,9,99240.51,1,1,0,123137.01,0
498,34,2,0,2,1,1,148528.24,0
651,36,7,0,2,1,0,13898.31,0
549,39,7,0,1,0,0,81259.25,1
791,35,7,52436.2,1,1,0,161051.75,0
650,41,9,0,2,0,1,191599.67,0
733,34,3,100337.96,3,1,0,48559.19,1
811,34,1,149297.19,2,1,1,186339.74,0
707,30,8,0,2,1,0,33159.37,0
712,28,4,145605.44,1,0,1,93883.53,0
706,37,7,0,2,1,1,110899.3,0
756,62,3,0,1,1,1,11199.04,1
777,53,10,0,2,1,0,189992.97,0
646,35,6,84026.86,1,0,1,164255.69,0
714,46,1,0,1,1,0,152167.79,1
782,39,8,0,2,1,1,33949.67,0
775,29,10,0,2,1,1,68143.93,0
479,35,4,138718.92,1,1,1,47251.79,1
807,42,7,118274.71,1,1,1,25885.72,0
799,22,8,174185.98,2,0,1,192633.85,0
675,40,7,113208.86,2,1,0,34577.36,0
602,29,5,103907.28,1,1,0,161229.84,0
475,32,8,119023.28,1,1,0,100816.29,0
744,26,5,166297.89,1,1,1,181694.44,0
588,34,10,0,2,1,0,79078.91,0
703,42,9,63227,1,0,1,137316.32,0
747,41,5,94521.17,2,1,0,194926.86,0
583,27,7,0,2,1,0,51285.49,0
750,34,9,112822.26,1,0,0,150401.53,1
681,38,3,0,2,1,1,112491.96,0
773,25,2,135903.33,1,1,0,73656.38,0
714,31,4,125169.26,1,1,1,106636.89,0
687,44,7,0,3,1,0,155853.52,1
511,58,0,149117.31,1,1,1,162599.51,0
627,33,5,0,2,1,1,103737.82,0
694,31,10,0,2,1,0,160990.27,0
616,36,6,132311.71,1,0,0,15462.84,0
687,35,8,0,2,1,0,10334.05,0
712,33,6,0,2,1,1,190686.16,0
553,33,4,118082.89,1,0,0,94440.45,0
667,31,1,119266.69,1,1,1,28257.63,0
731,43,2,0,1,1,1,170034.95,1
629,35,7,156847.29,2,1,0,31824.29,0
614,50,4,137104.47,1,1,0,127166.49,1
438,31,8,78398.69,1,1,0,44937.01,0
652,80,4,0,2,1,1,188603.07,0
729,30,6,63669.42,1,1,0,145111.37,0
642,38,3,0,2,0,0,171463.83,0
806,59,0,135296.33,1,1,0,182822.5,0
744,36,2,153804.44,1,1,1,87213.33,0
474,37,3,0,2,0,0,57175.32,0
559,49,2,147069.78,1,1,0,120540.83,1
706,42,9,0,2,1,1,28714.34,0
628,22,3,0,1,1,0,85426.28,0
429,24,4,95741.75,1,1,0,46170.75,0
525,57,2,145965.33,1,1,1,64448.36,0
680,30,8,141441.75,1,1,1,16278.97,0
749,40,1,139290.41,1,1,0,182855.42,1
763,31,4,0,2,0,0,50404.72,0
734,30,3,0,2,1,0,107640.25,0
716,35,4,144428.87,1,1,0,134132.65,0
594,35,2,0,2,1,0,103480.69,0
644,46,9,95441.27,1,1,0,108761.05,1
671,35,1,144848.74,1,1,1,179012.3,0
664,26,7,116244.14,2,1,1,95145.14,0
656,50,7,0,2,0,1,72143.44,0
667,40,1,146502.07,1,1,0,19162.89,0
663,44,2,117028.6,2,0,1,144680.18,0
584,30,8,112013.81,1,1,0,177772.03,1
626,37,6,108269.37,1,1,0,5597.94,0
485,29,7,182123.79,1,1,0,116828.51,1
659,32,3,150923.74,2,0,1,174652.51,0
649,33,2,0,2,1,0,2010.98,0
805,39,5,165272.13,1,1,0,14109.85,1
716,39,10,115301.31,1,1,0,43527.4,1
642,40,6,129502.49,2,0,1,86099.23,1
659,31,4,118342.26,1,0,0,161574.19,0
545,47,5,0,2,1,1,38970.14,0
543,22,8,0,2,0,0,127587.22,0
718,25,7,0,2,1,0,30380.12,0
840,43,7,0,2,1,0,90908.95,0
630,34,9,106937.05,2,1,0,138275.01,0
643,59,3,170331.37,1,1,1,32171.79,0
654,32,1,114510.85,1,1,1,126143.23,0
582,39,5,0,2,1,1,129892.93,0
659,32,3,107594.11,2,1,1,102416.84,0
762,39,2,81273.13,1,1,1,18719.67,0
568,32,7,169399.6,1,1,0,61936.22,0
670,25,6,0,2,1,1,78358.94,0
613,45,1,187841.99,2,1,1,147224.27,0
539,30,0,0,2,1,0,160979.66,0
850,57,8,126776.3,2,1,1,132298.49,0
522,34,9,126436.29,1,1,0,174248.52,1
737,41,1,101960.74,1,1,1,123547.28,0
520,58,3,0,2,0,1,32790.02,0
706,28,3,0,2,0,1,181543.67,0
643,45,2,150842.93,1,0,1,2319.96,1
648,50,9,102535.57,1,1,1,189543.19,0
443,29,9,99027.61,2,1,0,10940.4,0
640,68,9,0,2,1,1,199493.38,0
628,33,3,0,1,1,1,188193.25,0
540,42,9,87271.41,2,1,0,172572.64,0
460,35,8,102742.91,2,1,1,189339.6,0
636,34,2,40105.51,2,0,1,53512.16,0
593,29,2,152265.43,1,1,0,34004.44,0
801,42,4,141947.67,1,1,1,10598.29,0
640,75,1,106307.91,2,0,1,113428.77,0
611,31,0,107884.81,2,1,1,183487.98,0
802,31,1,125013.72,1,1,1,187658.09,0
717,35,7,58469.37,2,1,1,172459.39,0
769,39,8,0,1,0,1,21016,0
745,45,10,117231.63,3,1,1,122381.02,1
572,35,4,152390.26,1,1,0,128123.66,0
629,30,2,34013.63,1,1,0,19570.63,0
687,39,2,0,3,0,0,188150.6,1
483,50,9,0,2,1,1,111020.24,0
690,36,7,101583.11,2,1,0,123775.15,0
492,30,10,77168.87,2,0,1,146700.22,0
709,28,8,124695.72,2,1,0,145251.35,0
705,44,3,105934.96,1,1,0,82463.69,0
560,66,9,0,1,1,1,15928.49,0
611,46,6,0,2,1,0,45886.33,0
730,62,2,0,2,1,1,186489.95,0
709,45,2,0,2,0,1,162922.65,0
544,21,10,161525.96,2,1,0,9262.77,0
712,29,7,147199.07,1,1,1,84932.4,0
752,38,3,183102.29,1,1,1,71557.12,0
648,46,9,127209,2,1,0,77405.95,1
556,38,8,0,2,0,0,417.41,1
594,24,0,97378.54,1,1,1,71405.17,0
645,37,2,136925.09,2,0,1,153400.24,0
557,33,3,54503.55,1,1,1,371.05,0
547,32,8,155726.85,1,1,0,67789.99,0
701,39,9,0,2,0,1,145894.9,0
616,66,1,135842.41,1,1,0,183840.51,1
605,52,1,63349.75,1,1,0,108887.44,0
593,38,4,129499.42,1,1,1,154071.27,0
751,52,8,0,2,0,1,179291.85,0
443,36,6,70438.01,2,0,1,56937.43,0
685,23,8,0,2,1,1,112239.03,0
718,36,9,0,1,1,0,45909.87,0
538,49,9,141434.04,1,0,0,173779.25,1
611,37,4,0,2,1,0,125696.26,0
668,37,10,152958.29,2,1,1,159585.61,0
537,41,3,138306.34,1,1,0,106761.47,0
709,23,10,0,2,0,0,129590.18,0
850,38,1,0,2,1,1,80006.65,0
745,31,3,124328.84,1,1,1,140451.52,0
693,41,9,181461.48,3,1,1,187929.43,1
795,35,8,0,2,1,0,167155.36,0
626,26,8,0,2,0,0,191420.71,0
487,61,5,110368.03,1,0,0,11384.45,1
556,39,9,89588.35,1,1,1,94898.1,0
643,46,6,0,2,0,0,106781.59,0
605,28,6,0,2,0,0,159508.52,0
756,60,3,115924.89,1,1,0,93524.19,1
586,38,2,0,2,1,0,87168.46,0
535,40,7,111756.5,1,1,0,8128.32,1
678,35,4,0,1,1,0,125518.32,0
596,39,9,0,1,1,0,48963.59,0
648,26,9,162923.85,1,1,0,98368.24,0
492,39,10,124576.65,2,1,0,148584.61,0
702,45,0,80793.58,1,1,1,27474.81,0
486,40,9,71340.09,1,1,0,76192.21,0
568,40,1,99282.63,1,0,0,134600.94,1
619,57,3,137946.39,1,1,1,72467.99,1
724,41,2,127892.57,2,0,1,199645.45,0
548,33,0,101084.36,1,1,0,42749.85,0
545,37,8,114754.08,1,1,0,136050.44,1
683,33,8,0,1,0,0,73564.44,0
762,51,3,99286.98,1,0,1,85578.63,0
627,30,4,79871.02,2,1,0,129826.89,0
516,35,10,104088.59,2,0,0,119666,0
800,38,2,168190.33,2,1,0,68052.08,0
464,42,3,85679.25,1,1,1,164104.74,0
626,35,3,0,1,0,0,80190.36,0
790,31,9,0,2,1,0,84126.75,0
534,34,7,121551.58,2,1,1,70179,0
745,46,2,122220.19,1,1,1,118024.1,0
553,47,3,116528.15,1,0,0,145704.19,1
748,26,1,77780.29,1,0,1,183049.41,0
722,37,2,0,1,0,0,120906.83,0
501,40,4,125832.2,1,1,1,100433.83,0
675,38,6,68065.8,1,0,0,138777,1
778,47,6,127299.34,2,1,0,124694.99,0
494,38,7,174937.64,1,1,0,40084.32,0
850,40,9,0,2,0,1,119232.33,0
592,31,7,110071.1,1,0,0,43921.36,0
590,44,3,139432.37,1,1,0,62222.81,0
758,39,6,127357.76,1,0,1,56577,0
506,36,5,0,2,1,0,164253.35,0
733,33,3,0,1,1,1,7666.73,0
711,38,3,0,2,1,0,68487.51,0
514,43,1,95556.31,1,0,1,199273.98,1
637,37,8,0,1,1,1,186062.36,0
468,29,1,111681.98,2,1,1,195711.16,0
539,39,3,0,2,1,0,36692.17,0
509,25,3,108738.71,2,1,0,106920.57,0
662,32,4,133950.37,1,1,1,48725.68,1
818,26,4,0,2,1,1,167036.94,0
608,33,9,89968.69,1,1,0,68777.26,0
850,32,9,0,2,1,1,18924.92,0
816,38,5,130878.75,3,1,0,71905.77,1
536,35,8,0,2,1,0,64833.28,0
753,35,3,0,2,1,1,184843.77,0
631,27,10,134169.62,1,1,1,176730.02,0
703,37,1,149762.08,1,1,0,20629.4,1
774,26,2,93844.69,1,1,0,28415.36,0
785,28,8,0,2,1,0,77231.27,0
571,33,1,0,2,1,0,102750.7,0
621,46,6,141078.37,1,0,0,34580.8,1
605,31,1,117992.59,1,1,1,183598.77,0
611,40,8,100812.33,2,1,0,147358.27,0
569,38,7,0,1,1,1,108469.2,0
658,29,4,80262.6,1,1,1,20612.82,0
788,34,6,156478.62,1,0,1,181196.76,0
525,23,5,0,2,1,0,160249.1,0
798,37,8,0,3,0,0,110783.28,0
486,37,9,115217.99,2,1,0,144995.33,0
615,61,9,0,2,1,0,150227.85,1
730,35,0,155470.55,1,1,1,53718.28,0
641,37,7,0,2,1,0,75248.3,0
542,39,3,135096.77,1,1,1,14353.43,1
692,30,2,0,2,0,1,130486.57,0
714,55,9,180075.22,1,1,1,100127.71,0
591,29,1,97541.24,1,1,1,196356.17,0
710,41,2,156067.05,1,1,1,9983.88,0
639,38,4,81550.94,2,0,1,118974.77,0
531,47,6,0,1,0,0,194998.34,1
673,38,2,170061.92,2,0,0,134901.34,1
765,36,8,92310.54,2,1,1,72924.56,0
622,32,6,169089.38,2,1,0,101057.95,0
806,40,5,80613.93,1,1,1,142838.64,0
757,26,8,121581.56,2,1,1,127059.04,0
570,58,8,0,1,0,1,116503.92,1
555,32,4,0,2,1,1,54405.79,0
692,54,5,0,2,1,1,88721.84,0
774,60,5,85891.55,1,1,0,74135.48,1
638,44,9,77637.35,2,1,1,111346.22,0
543,41,4,0,1,0,0,194902.16,0
584,31,5,0,2,1,0,31474.27,0
691,30,7,116927.89,1,1,0,21198.39,0
684,40,6,137326.65,1,1,0,186976.6,0
733,22,5,0,2,1,1,117202.19,0
599,37,2,0,2,1,1,143739.29,0
524,31,10,67238.98,2,1,1,161811.23,0
632,38,6,86569.76,2,1,0,98090.91,0
735,34,5,0,2,0,0,71095.41,0
734,34,6,133598.4,1,1,1,13107.24,0
605,51,3,136188.78,1,1,1,67110.59,1
793,38,9,0,2,1,0,88225.02,0
468,56,10,0,3,0,1,62256.87,1
779,37,7,120092.52,2,1,0,135925.72,0
698,48,4,101238.24,2,0,1,177815.87,1
707,58,6,89685.92,1,0,1,126471.13,0
850,35,1,211774.31,1,1,0,188574.12,1
850,56,7,131317.48,1,1,1,119175.45,0
527,37,5,93722.73,2,1,1,139093.73,0
696,32,8,101160.99,1,1,1,115916.55,0
661,48,3,120320.54,1,0,0,96463.25,0
776,31,2,0,2,1,1,112349.51,0
701,43,2,0,2,1,1,165303.79,0
610,26,8,0,2,1,0,166031.08,0
572,48,3,152827.99,1,1,0,38411.79,1
673,30,1,64097.75,1,1,1,77783.35,0
519,57,2,119035.35,2,1,1,29871.79,0
702,26,4,135219.57,1,0,1,59747.63,0
729,32,6,93694.42,1,1,1,79919.13,0
543,35,10,59408.63,1,1,0,76773.53,0
550,40,7,114354.95,1,1,0,54018.93,0
608,59,1,0,1,1,0,70649.64,1
639,35,10,128173.9,2,1,0,59093.39,0
686,34,9,0,2,1,0,127569.8,0
564,62,5,114931.35,3,0,1,18260.98,1
745,28,1,111071.36,1,1,0,73275.96,1
833,37,8,151226.18,2,1,1,136129.49,0
622,26,9,0,2,1,1,153237.59,0
597,42,4,64740.12,1,1,1,106841.12,0
721,51,0,169312.13,1,1,0,109078.35,1
504,49,7,0,3,0,1,87822.14,1
842,44,2,112652.08,2,1,0,126644.98,0
587,38,0,0,2,1,0,47414.15,0
479,30,7,143964.36,2,1,0,41879.99,0
508,49,7,122451.46,2,1,1,75808.1,0
749,24,1,0,3,1,1,47911.03,0
721,36,3,65253.07,2,1,0,28737.78,0
674,47,6,106901.94,1,1,1,2079.2,1
685,25,10,128509.63,1,1,0,121562.33,0
417,34,7,0,2,1,0,55003.79,0
574,33,3,129834.67,1,1,0,193131.42,0
590,51,3,154962.99,3,0,1,191932.27,1
587,40,5,138241.9,2,1,0,159418.1,0
598,41,3,91536.93,1,1,0,191468.78,1
741,53,3,0,2,1,1,38913.68,0
850,70,5,0,1,1,1,705.18,0
584,29,7,105204.01,1,0,1,138490.03,0
650,61,1,152968.73,1,0,1,82970.69,0
607,36,8,158261.68,1,1,1,76744.72,0
509,46,1,0,1,1,0,71244.59,1
689,38,6,121021.05,1,1,1,12182.15,0
543,36,4,0,2,1,1,141210.5,0
438,54,2,0,1,0,0,191763.07,1
687,63,1,137715.66,1,1,1,37938.74,0
737,31,5,121192.22,2,1,1,74890.58,0
761,31,7,0,3,1,1,166698.18,0
601,44,1,100486.18,2,1,1,62678.53,0
651,45,1,0,1,1,0,67740.08,1
745,35,9,92566.53,2,1,0,161519.77,0
648,49,10,0,2,1,1,159835.78,1
848,40,3,110929.96,1,1,1,30876.84,0
546,27,8,0,2,1,1,14858.1,0
439,32,3,138901.61,1,1,0,75685.97,0
755,30,4,123217.66,2,0,1,144183.1,0
593,41,6,0,1,1,0,65170.66,0
701,39,2,0,2,1,1,82526.92,0
701,36,8,0,2,1,0,169161.46,0
607,33,2,108431.87,2,0,1,109291.39,1
586,57,3,0,2,0,1,6057.81,0
547,30,9,72392.41,1,1,0,77077.14,0
647,51,1,119741.77,2,0,0,54954.51,1
760,51,2,100946.71,1,0,0,179614.8,1
621,53,9,170491.84,1,1,0,35588.07,1
725,44,5,0,1,1,1,117356.14,0
526,36,1,0,1,1,0,160696.72,0
519,47,6,157296.02,2,0,0,147278.43,1
713,38,7,144606.22,1,1,1,56594.36,1
700,38,8,134811.3,1,1,0,1299.75,0
666,34,9,115897.12,1,1,1,25095.03,0
630,32,4,82034,1,0,0,146326.45,0
779,26,4,174318.13,2,0,1,38296.21,0
611,41,2,114206.84,1,1,0,164061.6,0
685,43,9,0,2,1,0,107811.28,0
646,39,9,111574.41,1,1,1,30838.51,0
683,57,5,162448.69,1,0,0,9221.78,1
484,34,4,148249.54,1,0,1,33738.27,0
601,43,8,0,3,0,1,110916.15,1
762,26,7,123709.46,2,1,1,169654.57,0
687,72,9,0,1,0,1,69829.4,0
566,30,5,0,1,1,0,54926.51,1
702,37,10,150525.8,1,1,1,94728.49,0
601,29,9,0,1,1,1,80393.27,0
699,53,4,0,2,0,1,111307.98,0
584,28,10,0,2,1,0,19834.32,0
699,35,5,0,2,1,1,78397.24,0
698,51,2,111018.98,1,1,0,86410.28,0
495,30,10,129755.99,1,0,0,172749.65,0
650,27,6,0,2,1,0,1002.39,0
605,64,2,129555.7,1,1,1,13601.79,0
667,38,1,87202.38,1,1,1,77866.91,0
688,26,8,146133.39,1,1,1,175296.76,0
727,31,0,0,1,1,0,121751.04,1
754,39,6,170184.99,2,1,0,89593.26,0
612,62,8,140745.33,1,1,0,193437.89,1
546,42,7,139070.51,1,1,1,86945,0
673,37,8,0,2,1,1,183318.79,0
593,35,9,114193.24,1,1,0,71154.1,0
656,40,10,167878.5,1,0,1,151887.16,0
535,53,5,141616.55,2,1,1,75888.65,0
678,36,3,145747.67,2,0,1,89566.74,0
477,48,2,129120.64,1,0,1,26475.79,0
850,35,7,110349.82,1,0,0,126355.8,0
427,29,1,141325.56,1,1,1,93839.3,0
752,49,2,78653.84,1,1,0,7698.6,0
649,47,1,0,2,1,1,145593.85,0
799,28,3,142253.65,1,1,0,45042.56,0
589,61,1,0,1,1,0,61108.56,1
583,54,6,115988.86,1,1,0,57553.98,1
839,33,10,75592.43,1,1,0,62674.42,0
540,44,3,164113.04,2,1,1,12120.79,0
850,31,6,67996.23,2,0,0,50129.87,1
696,51,5,0,2,1,0,55022.43,0
660,33,1,0,2,0,0,117834.91,0
682,48,1,138778.15,1,0,1,168840.23,0
744,43,10,147832.15,1,0,1,24234.11,0
785,36,4,135438.4,1,0,0,190627.01,0
752,48,5,116060.08,1,1,0,156618.38,1
706,29,5,112564.62,1,1,0,42334.38,0
583,27,1,125406.58,1,1,1,110784.42,0
660,39,5,135134.99,1,1,0,173683,1
819,39,9,133102.92,1,1,0,27046.46,1
673,34,8,42157.08,1,1,0,20598.59,1
752,30,3,0,2,1,1,104991.28,0
578,38,7,82259.29,1,1,0,8996.97,0
438,36,4,0,2,1,0,64420.5,0
652,38,6,0,2,1,1,145700.22,0
629,49,4,0,2,1,1,196335.48,0
720,52,7,0,1,1,1,14781.12,0
668,42,3,150461.07,1,1,0,108139.23,0
459,48,4,133994.52,1,1,1,19287.06,1
729,31,8,164870.81,2,1,1,9567.39,0
498,25,8,121702.73,1,1,1,132210.49,0
549,25,6,193858.2,1,0,1,21600.11,0
601,54,1,131039.97,2,1,1,199661.5,0
544,64,9,113829.45,1,1,1,124341.49,0
751,30,6,0,2,1,0,15766.1,0
632,41,3,81877.38,1,1,1,33642.21,0
694,57,8,116326.07,1,1,1,117704.65,0
678,31,2,0,2,1,1,58803.28,0
695,46,4,0,2,1,1,137537.22,0
661,41,1,0,2,0,1,131300.68,0
661,33,9,0,2,1,1,84174.81,0
559,31,3,127070.73,1,0,1,160941.78,0
503,29,3,0,2,1,1,143954.99,0
695,46,3,122549.64,1,1,1,56297.85,0
640,42,5,176099.13,1,1,1,8404.73,0
624,48,3,122388.38,2,0,0,30020.09,0
667,42,9,0,2,0,1,58137.42,0
642,26,0,0,1,0,0,47472.68,0
640,32,6,118879.35,2,1,1,19131.71,0
529,35,5,0,2,1,1,187288.5,0
563,39,5,0,2,1,1,17603.81,0
593,38,4,88736.44,2,1,0,67020.03,0
739,45,7,102703.62,1,0,1,147802.94,1
788,70,1,0,2,1,1,41610.62,0
684,38,3,0,2,1,0,44255.65,0
482,55,5,97318.25,1,0,1,78416.14,0
591,58,5,128468.69,1,0,1,137254.55,0
651,41,4,133432.59,1,0,1,151303.48,0
749,40,8,141782.57,2,0,0,86333.63,0
583,24,9,135125.28,1,0,0,89801.9,0
661,42,2,178820.91,1,0,0,29358.57,1
715,31,2,112212.14,2,1,1,181600.72,0
769,45,5,126674.81,1,1,0,124118.71,1
625,51,7,136294.97,1,1,0,38867.46,1
641,36,5,66392.64,1,1,0,31106.67,0
716,27,1,122552.34,2,1,0,67611.36,0
767,43,1,76408.85,2,1,0,77837.63,0
745,36,8,145071.24,1,0,0,6078.46,0
589,34,6,0,2,1,1,177896.92,0
796,45,2,109730.22,1,1,1,123882.73,0
664,57,6,0,2,1,1,15304.08,0
445,62,1,64119.38,1,1,1,76569.64,1
543,57,1,106138.33,2,1,1,120657.32,1
746,36,2,0,2,1,1,16436.56,0
742,33,0,181656.51,1,1,1,107667.91,0
750,32,5,0,2,1,0,95611.47,0
669,30,7,95128.86,1,0,0,19799.26,0
594,49,2,126615.94,2,0,1,123214.74,0
574,36,1,0,2,0,1,71709.12,0
659,36,2,76190.48,2,1,1,149066.14,0
750,40,5,168286.81,3,1,0,20451.99,1
626,35,4,88109.81,1,1,1,32825.5,0
620,42,4,0,2,1,0,6232.31,0
580,35,8,0,2,0,1,10357.03,0
686,34,3,123971.51,2,1,0,147794.63,0
540,48,0,148116.48,1,0,0,116973.48,0
634,35,6,116269.01,1,1,0,129964.94,0
632,38,1,120599.21,1,1,0,92816.86,0
501,41,3,144260.5,1,1,0,172114.67,0
650,25,3,86605.5,3,1,0,16649.31,1
786,34,9,0,2,1,0,144517.19,0
554,37,4,58629.97,1,0,0,182038.6,0
701,42,5,0,2,0,0,24210.56,0
474,45,10,0,2,0,0,172175.9,0
621,43,5,0,1,1,1,47578.45,0
672,56,2,209767.31,2,1,1,150694.42,1
459,42,6,129634.25,2,1,1,177683.02,1
669,23,1,0,2,0,0,66088.83,0
776,38,2,169824.46,1,1,0,169291.7,0
694,36,3,97530.25,1,1,1,117140.41,0
787,42,10,145988.65,2,1,1,79510.37,0
580,37,9,0,2,0,1,77108.66,0
711,25,7,0,3,1,1,9679.28,0
673,40,5,137494.28,1,1,0,81753.92,0
499,57,1,0,1,0,0,131372.38,1
591,24,6,147360,1,1,1,25310.82,0
769,25,10,0,2,0,0,187925.75,0
657,31,3,125167.02,1,0,0,98820.39,0
738,43,9,121152.05,2,1,0,64166.7,1
545,60,7,128981.07,1,0,1,176924.21,1
497,47,6,0,1,1,1,90055.08,0
816,67,6,151858.98,1,1,1,72814.31,0
525,36,2,114628.4,1,0,1,168290.06,0
725,46,6,0,2,1,0,161767.38,0
692,28,8,95059.02,2,1,0,44420.18,0
618,24,7,128736.39,1,0,1,37147.61,0
546,24,8,156325.38,1,1,1,125381.02,0
635,29,7,105405.97,1,1,1,149853.89,0
611,49,2,88915.37,3,0,0,161435.02,1
650,60,8,0,2,1,1,102925.76,0
606,40,5,0,2,1,1,70899.27,0
844,18,2,160980.03,1,0,0,145936.28,0
450,46,5,177619.71,1,1,0,54227.06,0
727,38,2,62276.99,1,1,1,59280.79,0
460,46,4,127559.97,2,1,1,126952.5,0
649,41,0,0,2,0,1,130567.02,0
758,47,9,95523.16,1,1,0,73294.48,0
490,35,7,107749.03,1,1,1,3937.37,0
815,37,2,110777.26,2,1,0,2383.59,0
838,39,5,166733.92,2,1,0,14279.44,0
803,31,9,157120.86,2,1,0,141300.53,0
664,36,2,127160.78,2,1,0,78140.75,0
736,28,2,0,2,1,1,117431.1,0
633,37,9,156091.97,1,1,0,72008.61,0
664,58,5,98668.18,1,1,1,60887.58,0
600,43,5,134022.06,1,1,0,194764.83,0
693,35,5,124151.09,1,1,0,88705.14,1
663,36,6,77253.5,1,0,0,35817.97,1
742,21,1,114292.48,1,1,0,31520.4,0
710,43,2,140080.32,3,1,1,157908.19,1
710,27,2,135277.96,1,1,0,142200.15,0
700,82,2,0,2,0,1,182055.36,0
720,60,9,115920.62,2,0,0,157552.08,1
684,41,2,119782.72,2,0,0,120284.67,0
531,63,1,114715.71,1,0,1,24506.95,1
742,36,2,129748.54,2,0,0,47271.61,1
717,31,4,129722.57,1,0,0,41176.6,0
589,32,2,0,2,0,1,9468.64,0
767,36,3,139180.2,1,0,0,123880.19,0
636,49,6,113599.74,2,1,0,158887.09,1
648,33,7,134944,1,1,1,117036.38,0
622,58,7,116922.25,1,1,0,120415.61,1
692,28,9,118945.09,1,0,0,16064.25,1
754,28,8,0,2,1,1,52615.62,0
679,35,8,119182.73,1,0,0,121210.09,0
639,27,8,0,2,1,0,192247.35,0
774,28,1,71264.02,2,0,1,68759.57,0
517,41,2,0,2,0,1,75937.47,0
571,35,8,0,2,0,0,84569.13,0
747,58,7,116313.57,1,1,1,190696.35,1
792,36,5,92140.15,1,0,1,67468.67,0
688,26,1,0,2,1,1,104435.94,0
714,42,2,177640.09,1,0,1,47166.55,0
562,35,0,0,2,1,0,119899.52,0
704,48,8,167997.6,1,1,1,173498.45,0
698,36,2,82275.35,2,1,1,93249.26,0
611,49,3,0,2,1,1,142917.54,0
850,48,6,111962.99,1,1,0,111755.8,0
743,34,1,131736.88,1,1,1,108543.21,0
654,29,1,0,1,1,0,180345.44,0
761,36,8,108239.11,2,0,0,99444.02,0
702,46,9,98444.19,1,0,1,109563.28,0
488,32,3,114540.38,1,1,0,92568.07,0
683,35,6,187530.66,2,1,1,37976.36,0
601,42,9,133636.16,1,0,1,103315.74,0
605,52,7,0,2,1,1,173952.5,0
671,44,0,84745.03,2,0,1,34673.98,0
614,31,7,120599.38,2,1,1,46163.44,0
511,29,9,0,2,0,1,140676.98,0
850,39,4,127771.35,2,0,1,151738.54,0
790,46,9,0,1,0,0,14679.81,1
793,33,0,0,1,0,0,175544.02,0
628,69,5,0,2,1,1,181964.6,0
598,53,10,167772.96,1,1,1,136886.86,0
657,37,6,95845.6,1,1,0,122218.23,0
618,35,10,0,2,1,0,180439.75,0
681,65,7,134714.7,2,0,1,190419.81,0
516,33,3,0,2,1,1,58685.59,0
421,28,8,122384.22,3,1,1,89017.38,1
700,26,2,0,2,0,0,50051.42,0
745,25,5,157993.15,2,1,0,146041.45,0
696,29,8,0,2,1,0,191166.09,0
580,42,2,123331.36,1,0,0,103516.08,1
497,27,9,75263.16,1,1,1,164825.04,0
720,43,6,137824.03,2,1,0,172557.77,0
659,36,4,132578.92,2,1,0,84320.94,0
841,36,5,156021.31,1,0,0,122662.98,0
642,34,8,0,1,1,0,72085.1,0
732,69,9,137453.43,1,0,1,110932.24,1
600,36,4,0,2,1,0,143635.36,0
464,33,8,164284.72,2,1,1,3710.34,0
680,47,5,0,2,1,1,179843.33,0
758,56,1,0,2,1,1,10643.38,0
630,31,2,112373.49,2,1,1,131167.98,0
577,39,10,0,2,1,0,10553.31,0
684,34,6,0,2,1,1,130928.22,0
708,41,5,0,1,0,1,157003.99,0
732,29,1,154333.82,1,1,1,138527.56,0
634,37,3,111432.77,2,1,1,167032.49,0
633,30,6,0,2,0,0,41642.29,0
559,34,2,137390.11,2,1,0,9677,0
694,37,3,0,2,1,1,147012.22,0
686,56,5,111642.08,1,1,1,80553.87,0
553,48,3,0,1,0,1,30730.95,1
507,36,4,83543.37,1,0,0,140134.43,0
732,50,6,145338.76,1,0,0,91936.1,1
818,31,1,186796.37,1,0,0,178252.63,0
660,35,8,58641.43,1,0,1,198674.08,0
773,41,5,0,1,1,0,28266.9,1
640,44,3,137148.68,1,1,0,92381.01,0
505,49,7,80001.23,1,0,0,135180.11,0
714,21,6,86402.52,2,0,0,27330.59,0
468,42,5,0,2,1,0,125305.34,0
611,51,1,122874.74,1,1,1,149648.45,0
705,25,0,97544.29,1,0,1,59887.15,0
646,46,1,170826.55,2,1,0,45041.32,0
667,48,1,97133.92,2,0,0,113316.77,1
511,41,8,153895.65,1,1,1,39087.42,0
653,43,6,0,2,1,1,7330.59,0
675,57,8,0,2,0,1,95463.29,0
523,32,4,0,2,1,0,167848.02,0
567,49,5,134956.02,1,1,0,93953.84,1
741,39,7,143637.58,2,0,1,174227.66,0
456,32,9,147506.25,1,1,1,135399.21,0
598,64,1,0,2,1,0,195635.3,1
667,43,8,190227.46,1,1,0,97508.04,1
548,32,2,172448.77,1,1,0,188083.77,1
725,41,7,113980.21,1,1,1,116704.25,0
717,53,6,0,2,0,1,97614.87,0
594,38,4,0,2,0,0,186884.04,0
678,25,10,76968.12,2,0,1,131501.72,0
545,38,1,88293.13,2,1,1,24302.95,0
636,48,1,170833.46,1,1,0,110510.28,1
603,44,6,108122.39,2,1,0,108488.33,1
435,36,4,0,1,1,1,197015.2,0
535,40,8,0,1,1,1,27689.77,0
629,45,7,129818.39,3,1,0,9217.55,1
722,35,2,163943.89,2,1,1,15068.18,0
561,28,7,0,2,1,0,7797.01,0
645,38,5,101430.3,2,0,1,4400.32,0
501,39,9,117301.66,1,0,0,182025.95,0
502,32,1,173340.83,1,0,1,122763.95,0
652,42,4,0,2,1,1,38152.01,0
574,33,3,134348.57,1,1,0,63163.99,0
518,45,9,105525.65,2,1,1,73418.29,0
749,60,6,0,1,1,0,17978.68,1
679,43,4,0,3,1,0,115136.51,1
565,36,6,106192.1,1,1,0,149575.59,0
643,45,4,45144.43,1,1,0,60917.24,1
515,65,7,92113.61,1,1,1,142548.33,0
521,25,7,0,2,1,1,157878.67,0
739,38,0,128366.44,1,1,0,12796.43,0
585,42,2,0,2,1,1,18657.77,0
733,74,3,106545.53,1,1,1,134589.58,0
542,43,8,145618.37,1,0,1,10350.74,0
788,37,8,141541.25,1,0,0,66013.27,0
435,32,2,57017.06,2,1,1,5907.11,0
577,42,9,0,1,1,0,74077.91,0
703,51,3,0,3,1,1,77294.56,1
728,35,8,125884.95,2,1,0,54359.02,1
728,32,5,61825.5,1,1,1,156124.93,0
718,35,8,0,2,1,0,94820.85,0
621,40,6,0,1,1,0,155155.25,0
523,40,2,102967.41,1,1,0,128702.1,1
657,25,2,171770.55,1,1,0,22745.5,0
727,40,1,93051.64,2,1,0,71865.31,1
643,36,7,161064.64,2,0,1,84294.82,0
645,48,7,90612.34,1,1,1,149139.13,0
568,28,5,145105.64,2,1,0,185489.11,0
599,58,4,0,1,0,0,176407.15,1
672,45,9,0,1,1,1,92027.69,1
685,33,6,174912.72,1,1,1,43932.54,0
516,46,1,104947.72,1,1,0,115789.25,1
685,31,10,135213.71,1,1,1,125777.28,0
806,25,7,0,2,1,0,18461.9,0
604,36,6,116229.85,2,1,1,79633.38,0
648,53,6,111201.41,1,1,1,121542.29,0
545,32,4,0,1,1,0,94739.2,0
756,27,1,131899,1,1,0,93302.29,0
569,35,10,124525.52,1,1,1,193793.78,0
596,47,6,0,1,1,0,74835.65,0
475,39,6,0,1,1,1,56999.9,1
646,45,3,47134.75,1,1,1,57236.44,0
784,35,3,0,2,0,0,81483.64,0
552,45,9,0,2,1,0,26752.56,0
729,44,5,0,2,0,1,9200.54,0
609,61,1,0,1,1,0,22447.85,1
555,51,5,0,3,1,0,189122.89,1
572,19,1,138657.08,1,1,1,16161.82,0
785,34,9,70302.48,1,1,1,68600.36,0
714,36,1,101609.01,2,1,1,447.73,0
738,35,3,0,1,1,1,15650.73,0
639,38,5,130170.82,1,1,1,149599.62,0
520,61,8,133802.29,2,1,1,90304.01,0
764,24,7,106234.02,1,0,0,115676.38,0
661,39,6,132628.98,1,0,0,38812.67,0
564,41,9,103522.75,2,1,1,34338.21,0
708,42,8,192390.52,2,1,0,823.36,0
512,36,1,0,1,0,1,135482.26,1
592,37,9,0,3,1,1,10656.89,0
619,38,3,0,2,0,1,116467.35,0
775,52,8,109922.61,1,1,1,96823.32,1
850,44,5,128605.32,1,0,1,171096.2,0
577,37,4,0,1,1,1,79881.39,0
724,37,10,68598.56,1,1,0,157862.82,0
710,35,1,106518.52,1,1,1,127951.81,0
696,31,8,0,2,0,0,191074.11,0
376,46,6,0,1,1,0,157333.69,1
675,29,8,121326.42,1,1,0,133457.52,0
745,36,8,67226.37,1,1,0,130789.6,0
697,25,5,82931.85,2,1,1,128373.88,0
599,39,4,0,1,1,0,194273.2,1
715,38,5,118590.41,1,1,1,5684.17,1
659,67,4,145981.87,1,1,1,131043.2,0
684,48,3,73309.38,1,0,0,21228.34,1
635,48,8,130796.33,2,1,1,43250.3,0
789,33,8,151607.56,1,1,0,4389.4,0
571,66,9,111577.01,1,0,1,189271.9,0
694,39,0,107042.74,1,1,1,102284.2,0
665,42,2,156371.61,2,0,1,156774.94,1
706,44,4,129605.99,1,0,0,69865.49,0
807,43,0,0,2,0,1,85523.24,0
771,67,8,0,2,1,1,51219.8,0
531,27,8,132576.25,1,0,0,7222.92,0
629,37,6,129101.3,1,1,1,23971.33,0
850,31,1,108822.4,1,1,1,132173.31,0
685,35,4,137948.51,1,1,0,113639.64,0
642,32,7,100433.8,1,1,1,39768.59,0
529,63,4,96134.11,3,1,0,108732.96,1
683,43,4,115888.04,1,1,1,117349.19,1
663,42,5,124626.07,1,1,1,78004.5,0
563,34,6,139810.34,1,1,1,152417.79,0
637,34,9,0,2,0,0,26057.08,0
544,37,3,84496.71,1,0,0,79972.09,0
649,70,9,116854.71,2,0,1,107125.79,0
638,48,10,138333.03,1,1,1,47679.14,0
723,25,3,0,2,1,1,134509.47,0
635,43,5,78992.75,2,0,0,153265.31,0
750,38,7,97257.41,2,0,1,179883.04,0
730,34,5,122453.37,2,1,0,138882.98,0
750,36,8,112940.07,1,0,1,9855.81,0
586,43,8,132558.26,1,1,0,67046.83,1
520,38,4,0,2,1,0,56388.63,0
652,48,8,133297.24,1,1,0,77764.37,0
550,46,7,0,2,1,0,130590.35,0
594,27,0,197041.8,1,0,0,151912.49,0
749,44,0,71497.79,2,0,0,151083.8,0
668,32,7,0,2,1,1,777.37,0
614,35,6,128100.28,1,0,0,69454.24,1
773,25,1,124532.78,2,0,1,11723.57,0
551,31,9,82293.82,2,1,1,91565.25,0
566,36,1,142120.91,1,1,0,79616.37,0
569,34,0,151839.26,1,1,0,102299.81,1
659,31,7,149620.88,2,1,1,104533.51,0
722,49,3,168197.66,1,1,0,140765.57,1
655,37,5,93147,2,1,0,66214.13,0
615,35,2,97440.02,2,1,1,139816.1,0
752,42,3,65046.08,2,0,1,140139.28,0
661,28,7,95357.49,1,0,0,102297.15,0
838,43,9,123105.88,2,1,0,145765.83,0
610,29,9,0,3,0,1,83912.24,0
811,44,3,0,2,0,1,78439.73,0
587,62,7,121286.27,1,0,1,6776.92,0
811,28,4,167738.82,2,1,1,9903.42,0
